{
    "star": {
        "distance": 0.00000002,
        "velocity": 0.00000001,
        "size": 0.000002
    },
    "planet": {
        "distance": 0.00000002,
        "velocity": 0.00000001,
        "size": 0.000002
    },
    "moon": {
        "distance": 0.00000006,
        "velocity": 0.000005,
        "size": 0.000003
    }
}